indice,para_estudio,costo
1,si,1000.123456789
2,si,2000.1112131415
3,si,3000.1617181920
4,no,0
5,no,0
200,no,0
201,no,0
203,no,0
204,no,0
205,no,0
